file,ns_gzip c_ratio,ns_gzip c_t,ns_zstd c_ratio,ns_zstd c_t,gzip c_ratio,gzip c_t,zstd c_ratio,zstd c_t
1.pcap,98.8467%,700 μs,100%,524 μs,8.42008%,16170 μs,9.68963%,30550 μs
5.pcap,97.5881%,572 μs,100%,316 μs,7.87928%,6703 μs,9.53076%,15291 μs
2.pcap,98.9961%,745 μs,100%,528 μs,14.8896%,18625 μs,16.8282%,40327 μs
3.pcap,93.9132%,1597 μs,100%,1521 μs,41.2307%,11607 μs,43.7893%,21060 μs
4.pcap,97.8464%,734665 μs,99.8755%,882311 μs,83.2131%,7191539 μs,93.8806%,10836654 μs
